"행정구역별(시군구)","성별","연령별",2020,2020,2020,2020,2020,2020,2020,2020
"행정구역별(시군구)","성별","연령별",1인가구,초등학교,중학교,고등학교,대학(4년제미만),대학교(4년제이상),대학원,안받았음(미취학 포함)
"전국","계","합계",6643354,664611,567153,2016517,796250,1940866,351921,306036
"전국","계","20세 미만",72119,-,1695,23440,12158,34826,-,-
"전국","계","20~24",496119,-,2507,84389,92363,307180,9680,-
"전국","계","25~29",775110,-,3357,122675,151449,436774,60855,-
"전국","계","30~34",618316,-,3846,100010,118489,332474,63497,-
"전국","계","35~39",497027,-,6788,127345,108068,208461,46365,-
"전국","계","40~44",427257,-,9500,148384,88656,144048,36669,-
"전국","계","45~49",476499,1460,18239,224032,72789,122626,37353,-
"전국","계","50~54",497959,4028,39476,260424,52672,110092,31267,-
"전국","계","55~59",541536,15364,83281,285067,40423,92364,25037,-
"전국","계","60~64",580701,39582,130860,299854,29475,60919,20011,-
"전국","계","65~69",458284,118679,104409,173985,14911,35698,10602,-
"전국","계","70~74",382524,148265,73898,82120,7307,24314,5331,41289
"전국","계","75~79",350186,150717,48576,45249,3933,15545,2689,83477
"전국","계","80~84",278847,115267,27313,25692,2197,9767,1610,97001
"전국","계","85세 이상",190870,71249,13408,13851,1360,5778,955,84269
"전국","남자","합계",3304398,144679,240134,1112091,454316,1134318,193989,24871
"전국","남자","20세 미만",33854,-,953,12132,4765,16004,-,-
"전국","남자","20~24",219029,-,1297,44493,36598,133430,3211,-
"전국","남자","25~29",433190,-,1948,78530,83839,236896,31977,-
"전국","남자","30~34",394473,-,2228,67535,73352,214210,37148,-
"전국","남자","35~39",320100,-,4440,83524,69436,137324,25376,-
"전국","남자","40~44",272897,-,6544,95603,56937,95140,18673,-
"전국","남자","45~49",299310,1020,12929,140482,44968,79492,20419,-
"전국","남자","50~54",300477,2377,23380,155090,31267,71151,17212,-
"전국","남자","55~59",294220,7412,39434,149723,23321,59780,14550,-
"전국","남자","60~64",270517,14507,54043,135636,16388,38092,11851,-
"전국","남자","65~69",180497,33050,38299,74829,7143,20644,6532,-
"전국","남자","70~74",119128,30106,25019,37478,3174,13743,3310,6298
"전국","남자","75~79",79884,25216,15740,19820,1592,8777,1883,6856
"전국","남자","80~84",53056,18218,8967,11635,915,5840,1115,6366
"전국","남자","85세 이상",33766,12773,4913,5581,621,3795,732,5351
"전국","여자","합계",3338956,519932,327019,904426,341934,806548,157932,281165
"전국","여자","20세 미만",38265,-,742,11308,7393,18822,-,-
"전국","여자","20~24",277090,-,1210,39896,55765,173750,6469,-
"전국","여자","25~29",341920,-,1409,44145,67610,199878,28878,-
"전국","여자","30~34",223843,-,1618,32475,45137,118264,26349,-
"전국","여자","35~39",176927,-,2348,43821,38632,71137,20989,-
"전국","여자","40~44",154360,-,2956,52781,31719,48908,17996,-
"전국","여자","45~49",177189,440,5310,83550,27821,43134,16934,-
"전국","여자","50~54",197482,1651,16096,105334,21405,38941,14055,-
"전국","여자","55~59",247316,7952,43847,135344,17102,32584,10487,-
"전국","여자","60~64",310184,25075,76817,164218,13087,22827,8160,-
"전국","여자","65~69",277787,85629,66110,99156,7768,15054,4070,-
"전국","여자","70~74",263396,118159,48879,44642,4133,10571,2021,34991
"전국","여자","75~79",270302,125501,32836,25429,2341,6768,806,76621
"전국","여자","80~84",225791,97049,18346,14057,1282,3927,495,90635
"전국","여자","85세 이상",157104,58476,8495,8270,739,1983,223,78918
"동부","계","합계",5301112,444541,439097,1610450,671132,1684898,304056,146938
"동부","계","20세 미만",61466,-,1397,19724,9988,30357,-,-
"동부","계","20~24",434915,-,2139,72428,79921,271941,8486,-
"동부","계","25~29",693054,-,2975,107404,133739,393452,55484,-
"동부","계","30~34",546390,-,3213,85327,102833,297316,57701,-
"동부","계","35~39",429423,-,5920,106691,91822,183401,41589,-
"동부","계","40~44",359437,-,7945,121325,74204,123600,32363,-
"동부","계","45~49",390531,1115,14691,179378,60201,103377,31769,-
"동부","계","50~54",393310,3014,30984,202622,41486,89479,25725,-
"동부","계","55~59",413826,11277,62866,217928,30752,71688,19315,-
"동부","계","60~64",440021,28256,99117,228186,22487,47005,14970,-
"동부","계","65~69",342070,82076,79846,132948,11479,27738,7983,-
"동부","계","70~74",278118,100455,57737,66454,5866,19460,4137,24009
"동부","계","75~79",235681,99075,38373,37307,3292,12875,2238,42521
"동부","계","80~84",171984,73236,21417,21108,1852,8239,1450,44682
"동부","계","85세 이상",110886,46037,10477,11620,1210,4970,846,35726
"동부","남자","합계",2630040,91162,175619,858434,368643,959700,163072,13410
"동부","남자","20세 미만",27897,-,774,9796,3769,13558,-,-
"동부","남자","20~24",186078,-,1088,36571,30000,115722,2697,-
"동부","남자","25~29",377922,-,1679,67028,71037,209279,28899,-
"동부","남자","30~34",341893,-,1898,56601,61629,188354,33411,-
"동부","남자","35~39",270189,-,3867,68287,57209,118461,22365,-
"동부","남자","40~44",223989,-,5386,76467,46281,79767,16088,-
"동부","남자","45~49",239658,791,10323,109480,36307,65873,16884,-
"동부","남자","50~54",231506,1800,18175,117486,23983,56419,13643,-
"동부","남자","55~59",217066,5325,28734,110259,16993,45023,10732,-
"동부","남자","60~64",194122,10190,38699,97565,11637,27778,8253,-
"동부","남자","65~69",127458,22049,27154,53845,5040,14772,4598,-
"동부","남자","70~74",83427,19050,17643,27710,2329,10246,2402,4047
"동부","남자","75~79",54562,15550,10974,14743,1217,6693,1503,3882
"동부","남자","80~84",33732,9737,5936,8403,697,4622,970,3367
"동부","남자","85세 이상",20541,6670,3289,4193,515,3133,627,2114
"동부","여자","합계",2671072,353379,263478,752016,302489,725198,140984,133528
"동부","여자","20세 미만",33569,-,623,9928,6219,16799,-,-
"동부","여자","20~24",248837,-,1051,35857,49921,156219,5789,-
"동부","여자","25~29",315132,-,1296,40376,62702,184173,26585,-
"동부","여자","30~34",204497,-,1315,28726,41204,108962,24290,-
"동부","여자","35~39",159234,-,2053,38404,34613,64940,19224,-
"동부","여자","40~44",135448,-,2559,44858,27923,43833,16275,-
"동부","여자","45~49",150873,324,4368,69898,23894,37504,14885,-
"동부","여자","50~54",161804,1214,12809,85136,17503,33060,12082,-
"동부","여자","55~59",196760,5952,34132,107669,13759,26665,8583,-
"동부","여자","60~64",245899,18066,60418,130621,10850,19227,6717,-
"동부","여자","65~69",214612,60027,52692,79103,6439,12966,3385,-
"동부","여자","70~74",194691,81405,40094,38744,3537,9214,1735,19962
"동부","여자","75~79",181119,83525,27399,22564,2075,6182,735,38639
"동부","여자","80~84",138252,63499,15481,12705,1155,3617,480,41315
"동부","여자","85세 이상",90345,39367,7188,7427,695,1837,219,33612
"읍부","계","합계",621763,76852,55242,204796,71801,146281,25113,41678
"읍부","계","20세 미만",5825,-,221,2363,736,2505,-,-
"읍부","계","20~24",36941,-,251,7595,6328,21897,870,-
"읍부","계","25~29",53548,-,188,9648,11567,28399,3746,-
"읍부","계","30~34",46687,-,397,9373,10517,22670,3730,-
"읍부","계","35~39",42967,-,521,13319,10598,15837,2692,-
"읍부","계","40~44",40869,-,926,16345,9024,12221,2353,-
"읍부","계","45~49",48917,204,1780,25624,7385,10770,3154,-
"읍부","계","50~54",53380,440,4129,29906,5822,10393,2690,-
"읍부","계","55~59",57796,1790,9082,30718,4497,9222,2487,-
"읍부","계","60~64",58737,4438,13331,30387,2819,5828,1934,-
"읍부","계","65~69",45559,13838,10014,16587,1461,2814,845,-
"읍부","계","70~74",38714,17037,6784,6789,559,1809,350,5386
"읍부","계","75~79",37780,17569,4115,3397,301,955,148,11295
"읍부","계","80~84",31797,13595,2362,1859,142,645,52,13142
"읍부","계","85세 이상",22246,7941,1141,886,45,316,62,11855
"읍부","남자","합계",328440,16932,24833,123414,48528,96436,15099,3198
"읍부","남자","20세 미만",3128,-,129,1438,362,1199,-,-
"읍부","남자","20~24",19218,-,139,4904,3174,10624,377,-
"읍부","남자","25~29",34988,-,129,7128,8146,17548,2037,-
"읍부","남자","30~34",33498,-,192,6856,7767,16308,2375,-
"읍부","남자","35~39",31358,-,351,9688,7918,11820,1581,-
"읍부","남자","40~44",28807,-,697,11067,6605,9145,1293,-
"읍부","남자","45~49",32675,143,1268,16999,4937,7425,1903,-
"읍부","남자","50~54",33593,204,2364,18437,3704,7231,1653,-
"읍부","남자","55~59",32841,872,4335,16865,2840,6408,1521,-
"읍부","남자","60~64",29343,1524,5674,14864,1726,4239,1316,-
"읍부","남자","65~69",18761,3771,3859,7858,797,1929,547,-
"읍부","남자","70~74",12493,3651,2616,3791,297,1132,269,737
"읍부","남자","75~79",8195,2932,1490,1900,156,696,121,900
"읍부","남자","80~84",5883,2314,1049,1140,72,482,47,779
"읍부","남자","85세 이상",3659,1521,541,479,27,250,59,782
"읍부","여자","합계",293323,59920,30409,81382,23273,49845,10014,38480
"읍부","여자","20세 미만",2697,-,92,925,374,1306,-,-
"읍부","여자","20~24",17723,-,112,2691,3154,11273,493,-
"읍부","여자","25~29",18560,-,59,2520,3421,10851,1709,-
"읍부","여자","30~34",13189,-,205,2517,2750,6362,1355,-
"읍부","여자","35~39",11609,-,170,3631,2680,4017,1111,-
"읍부","여자","40~44",12062,-,229,5278,2419,3076,1060,-
"읍부","여자","45~49",16242,61,512,8625,2448,3345,1251,-
"읍부","여자","50~54",19787,236,1765,11469,2118,3162,1037,-
"읍부","여자","55~59",24955,918,4747,13853,1657,2814,966,-
"읍부","여자","60~64",29394,2914,7657,15523,1093,1589,618,-
"읍부","여자","65~69",26798,10067,6155,8729,664,885,298,-
"읍부","여자","70~74",26221,13386,4168,2998,262,677,81,4649
"읍부","여자","75~79",29585,14637,2625,1497,145,259,27,10395
"읍부","여자","80~84",25914,11281,1313,719,70,163,5,12363
"읍부","여자","85세 이상",18587,6420,600,407,18,66,3,11073
"면부","계","합계",720479,143218,72814,201271,53317,109687,22752,117420
"면부","계","20세 미만",4828,-,77,1353,1434,1964,-,-
"면부","계","20~24",24263,-,117,4366,6114,13342,324,-
"면부","계","25~29",28508,-,194,5623,6143,14923,1625,-
"면부","계","30~34",25239,-,236,5310,5139,12488,2066,-
"면부","계","35~39",24637,-,347,7335,5648,9223,2084,-
"면부","계","40~44",26951,-,629,10714,5428,8227,1953,-
"면부","계","45~49",37051,141,1768,19030,5203,8479,2430,-
"면부","계","50~54",51269,574,4363,27896,5364,10220,2852,-
"면부","계","55~59",69914,2297,11333,36421,5174,11454,3235,-
"면부","계","60~64",81943,6888,18412,41281,4169,8086,3107,-
"면부","계","65~69",70655,22765,14549,24450,1971,5146,1774,-
"면부","계","70~74",65692,30773,9377,8877,882,3045,844,11894
"면부","계","75~79",76725,34073,6088,4545,340,1715,303,29661
"면부","계","80~84",75066,28436,3534,2725,203,883,108,39177
"면부","계","85세 이상",57738,17271,1790,1345,105,492,47,36688
"면부","남자","합계",345918,36585,39682,130243,37145,78182,15818,8263
"면부","남자","20세 미만",2829,-,50,898,634,1247,-,-
"면부","남자","20~24",13733,-,70,3018,3424,7084,137,-
"면부","남자","25~29",20280,-,140,4374,4656,10069,1041,-
"면부","남자","30~34",19082,-,138,4078,3956,9548,1362,-
"면부","남자","35~39",18553,-,222,5549,4309,7043,1430,-
"면부","남자","40~44",20101,-,461,8069,4051,6228,1292,-
"면부","남자","45~49",26977,86,1338,14003,3724,6194,1632,-
"면부","남자","50~54",35378,373,2841,19167,3580,7501,1916,-
"면부","남자","55~59",44313,1215,6365,22599,3488,8349,2297,-
"면부","남자","60~64",47052,2793,9670,23207,3025,6075,2282,-
"면부","남자","65~69",34278,7230,7286,13126,1306,3943,1387,-
"면부","남자","70~74",23208,7405,4760,5977,548,2365,639,1514
"면부","남자","75~79",17127,6734,3276,3177,219,1388,259,2074
"면부","남자","80~84",13441,6167,1982,2092,146,736,98,2220
"면부","남자","85세 이상",9566,4582,1083,909,79,412,46,2455
"면부","여자","합계",374561,106633,33132,71028,16172,31505,6934,109157
"면부","여자","20세 미만",1999,-,27,455,800,717,-,-
"면부","여자","20~24",10530,-,47,1348,2690,6258,187,-
"면부","여자","25~29",8228,-,54,1249,1487,4854,584,-
"면부","여자","30~34",6157,-,98,1232,1183,2940,704,-
"면부","여자","35~39",6084,-,125,1786,1339,2180,654,-
"면부","여자","40~44",6850,-,168,2645,1377,1999,661,-
"면부","여자","45~49",10074,55,430,5027,1479,2285,798,-
"면부","여자","50~54",15891,201,1522,8729,1784,2719,936,-
"면부","여자","55~59",25601,1082,4968,13822,1686,3105,938,-
"면부","여자","60~64",34891,4095,8742,18074,1144,2011,825,-
"면부","여자","65~69",36377,15535,7263,11324,665,1203,387,-
"면부","여자","70~74",42484,23368,4617,2900,334,680,205,10380
"면부","여자","75~79",59598,27339,2812,1368,121,327,44,27587
"면부","여자","80~84",61625,22269,1552,633,57,147,10,36957
"면부","여자","85세 이상",48172,12689,707,436,26,80,1,34233
"서울특별시","계","합계",1390701,89188,92889,343403,165626,561170,113312,25113
"서울특별시","계","20세 미만",14237,-,160,4536,1842,7699,-,-
"서울특별시","계","20~24",123938,-,444,17039,21301,81463,3691,-
"서울특별시","계","25~29",238517,-,598,25291,37603,150944,24081,-
"서울특별시","계","30~34",183573,-,515,18333,28382,112559,23784,-
"서울특별시","계","35~39",126485,-,966,21389,22741,64870,16519,-
"서울특별시","계","40~44",91518,-,1499,23151,16530,38321,12017,-
"서울특별시","계","45~49",90186,227,3232,34424,12790,28783,10730,-
"서울특별시","계","50~54",82704,515,7019,38174,7768,21637,7591,-
"서울특별시","계","55~59",84976,2362,12322,42937,5649,16822,4884,-
"서울특별시","계","60~64",94834,5312,18811,48642,4747,12947,4375,-
"서울특별시","계","65~69",77047,15196,16397,31243,2843,8832,2536,-
"서울특별시","계","70~74",65469,19625,13405,18244,1555,6992,1398,4250
"서울특별시","계","75~79",54109,20574,9266,10777,974,4646,789,7083
"서울특별시","계","80~84",37968,15358,5290,5808,558,2898,550,7506
"서울특별시","계","85세 이상",25140,10019,2965,3415,343,1757,367,6274
"서울특별시","남자","합계",650999,19416,38461,175801,76749,282922,54905,2745
"서울특별시","남자","20세 미만",5345,-,106,1916,552,2771,-,-
"서울특별시","남자","20~24",42602,-,254,7673,5783,27846,1046,-
"서울특별시","남자","25~29",114318,-,357,14949,16561,70843,11608,-
"서울특별시","남자","30~34",102247,-,394,11412,14215,63721,12505,-
"서울특별시","남자","35~39",70540,-,678,12948,12003,37012,7899,-
"서울특별시","남자","40~44",51144,-,1095,13762,8914,22031,5342,-
"서울특별시","남자","45~49",52330,159,2234,20587,6973,17150,5227,-
"서울특별시","남자","50~54",48793,332,4585,22922,4296,12885,3773,-
"서울특별시","남자","55~59",46352,1265,6706,22949,3119,9877,2436,-
"서울특별시","남자","60~64",42318,2114,7983,20986,2175,6933,2127,-
"서울특별시","남자","65~69",28985,4630,5769,12069,1084,4226,1207,-
"서울특별시","남자","70~74",20181,3858,4029,6808,519,3463,666,838
"서울특별시","남자","75~79",13245,3541,2274,3940,272,1997,486,735
"서울특별시","남자","80~84",7863,2099,1206,1972,185,1267,341,793
"서울특별시","남자","85세 이상",4736,1418,791,908,98,900,242,379
"서울특별시","여자","합계",739702,69772,54428,167602,88877,278248,58407,22368
"서울특별시","여자","20세 미만",8892,-,54,2620,1290,4928,-,-
"서울특별시","여자","20~24",81336,-,190,9366,15518,53617,2645,-
"서울특별시","여자","25~29",124199,-,241,10342,21042,80101,12473,-
"서울특별시","여자","30~34",81326,-,121,6921,14167,48838,11279,-
"서울특별시","여자","35~39",55945,-,288,8441,10738,27858,8620,-
"서울특별시","여자","40~44",40374,-,404,9389,7616,16290,6675,-
"서울특별시","여자","45~49",37856,68,998,13837,5817,11633,5503,-
"서울특별시","여자","50~54",33911,183,2434,15252,3472,8752,3818,-
"서울특별시","여자","55~59",38624,1097,5616,19988,2530,6945,2448,-
"서울특별시","여자","60~64",52516,3198,10828,27656,2572,6014,2248,-
"서울특별시","여자","65~69",48062,10566,10628,19174,1759,4606,1329,-
"서울특별시","여자","70~74",45288,15767,9376,11436,1036,3529,732,3412
"서울특별시","여자","75~79",40864,17033,6992,6837,702,2649,303,6348
"서울특별시","여자","80~84",30105,13259,4084,3836,373,1631,209,6713
"서울특별시","여자","85세 이상",20404,8601,2174,2507,245,857,125,5895
"부산광역시","계","합계",455207,54886,52669,139811,49077,125392,17145,16227
"부산광역시","계","20세 미만",4513,-,57,1214,558,2684,-,-
"부산광역시","계","20~24",36903,-,187,4639,5849,25755,473,-
"부산광역시","계","25~29",46740,-,225,7148,9105,27878,2384,-
"부산광역시","계","30~34",33655,-,260,5888,6568,18543,2396,-
"부산광역시","계","35~39",27809,-,534,7198,6270,11658,2149,-
"부산광역시","계","40~44",24544,-,760,8613,5099,8190,1882,-
"부산광역시","계","45~49",28650,113,1272,13667,4403,7095,2100,-
"부산광역시","계","50~54",31838,239,2846,16306,3645,6965,1837,-
"부산광역시","계","55~59",37611,995,6792,19641,2771,5974,1438,-
"부산광역시","계","60~64",46987,3317,12041,23911,2418,4084,1216,-
"부산광역시","계","65~69",41298,10355,10931,15561,1145,2561,745,-
"부산광역시","계","70~74",34080,13210,7890,7695,629,1703,294,2659
"부산광역시","계","75~79",28761,12576,4875,4551,378,1070,113,5198
"부산광역시","계","80~84",20250,9083,2751,2545,168,724,85,4894
"부산광역시","계","85세 이상",11568,4998,1248,1234,71,508,33,3476
"부산광역시","남자","합계",206311,10490,20359,71626,24554,69061,8836,1385
"부산광역시","남자","20세 미만",1863,-,32,565,131,1135,-,-
"부산광역시","남자","20~24",15709,-,104,2212,2033,11257,103,-
"부산광역시","남자","25~29",24621,-,96,4460,4326,14480,1259,-
"부산광역시","남자","30~34",20296,-,134,3916,3512,11386,1348,-
"부산광역시","남자","35~39",16917,-,342,4608,3580,7269,1118,-
"부산광역시","남자","40~44",15010,-,565,5430,2989,5158,868,-
"부산광역시","남자","45~49",16979,78,938,8211,2502,4311,939,-
"부산광역시","남자","50~54",18453,90,1746,9459,1994,4271,893,-
"부산광역시","남자","55~59",19225,447,3155,9814,1447,3530,832,-
"부산광역시","남자","60~64",20026,1171,4638,10033,1100,2373,711,-
"부산광역시","남자","65~69",15015,2773,3622,6337,446,1385,452,-
"부산광역시","남자","70~74",9789,2362,2326,3348,213,989,201,350
"부산광역시","남자","75~79",6395,1853,1460,1721,146,638,57,520
"부산광역시","남자","80~84",3872,1112,780,1016,89,487,25,363
"부산광역시","남자","85세 이상",2141,604,421,496,46,392,30,152
"부산광역시","여자","합계",248896,44396,32310,68185,24523,56331,8309,14842
"부산광역시","여자","20세 미만",2650,-,25,649,427,1549,-,-
"부산광역시","여자","20~24",21194,-,83,2427,3816,14498,370,-
"부산광역시","여자","25~29",22119,-,129,2688,4779,13398,1125,-
"부산광역시","여자","30~34",13359,-,126,1972,3056,7157,1048,-
"부산광역시","여자","35~39",10892,-,192,2590,2690,4389,1031,-
"부산광역시","여자","40~44",9534,-,195,3183,2110,3032,1014,-
"부산광역시","여자","45~49",11671,35,334,5456,1901,2784,1161,-
"부산광역시","여자","50~54",13385,149,1100,6847,1651,2694,944,-
"부산광역시","여자","55~59",18386,548,3637,9827,1324,2444,606,-
"부산광역시","여자","60~64",26961,2146,7403,13878,1318,1711,505,-
"부산광역시","여자","65~69",26283,7582,7309,9224,699,1176,293,-
"부산광역시","여자","70~74",24291,10848,5564,4347,416,714,93,2309
"부산광역시","여자","75~79",22366,10723,3415,2830,232,432,56,4678
"부산광역시","여자","80~84",16378,7971,1971,1529,79,237,60,4531
"부산광역시","여자","85세 이상",9427,4394,827,738,25,116,3,3324
"대구광역시","계","합계",304543,36928,32466,90820,44125,76351,12007,11846
"대구광역시","계","20세 미만",2757,-,68,642,933,1114,-,-
"대구광역시","계","20~24",21684,-,76,3003,6434,11716,455,-
"대구광역시","계","25~29",31704,-,147,4858,8597,16193,1909,-
"대구광역시","계","30~34",23990,-,220,3883,5506,12354,2027,-
"대구광역시","계","35~39",19702,-,313,4861,5227,7867,1434,-
"대구광역시","계","40~44",18143,-,371,6240,4788,5332,1412,-
"대구광역시","계","45~49",21874,71,860,10365,4077,5349,1152,-
"대구광역시","계","50~54",24351,213,2422,12486,2957,5104,1169,-
"대구광역시","계","55~59",27615,800,5124,13957,2340,4495,899,-
"대구광역시","계","60~64",29264,2217,7594,14215,1745,2783,710,-
"대구광역시","계","65~69",24493,7482,6107,8233,738,1505,428,-
"대구광역시","계","70~74",19568,8376,4148,3822,361,1084,171,1606
"대구광역시","계","75~79",17391,8088,2887,2084,205,633,126,3368
"대구광역시","계","80~84",13637,6100,1441,1406,113,573,73,3931
"대구광역시","계","85세 이상",8370,3581,688,765,104,249,42,2941
"대구광역시","남자","합계",140952,6554,12388,46508,23971,43906,6600,1025
"대구광역시","남자","20세 미만",1219,-,35,340,365,479,-,-
"대구광역시","남자","20~24",9202,-,31,1619,2705,4630,217,-
"대구광역시","남자","25~29",17456,-,80,3135,4470,8829,942,-
"대구광역시","남자","30~34",15489,-,87,2690,3253,8175,1284,-
"대구광역시","남자","35~39",12459,-,234,2881,3298,5243,803,-
"대구광역시","남자","40~44",11244,-,209,3830,3070,3412,723,-
"대구광역시","남자","45~49",13208,36,600,6257,2494,3333,488,-
"대구광역시","남자","50~54",13982,120,1399,7021,1630,3156,656,-
"대구광역시","남자","55~59",13571,352,2230,6504,1213,2749,523,-
"대구광역시","남자","60~64",12107,587,2964,5646,881,1643,386,-
"대구광역시","남자","65~69",8256,1871,1757,3242,273,830,283,-
"대구광역시","남자","70~74",5310,1372,1266,1612,121,590,99,250
"대구광역시","남자","75~79",3545,988,851,899,96,341,100,270
"대구광역시","남자","80~84",2396,722,410,552,47,306,60,299
"대구광역시","남자","85세 이상",1508,506,235,280,55,190,36,206
"대구광역시","여자","합계",163591,30374,20078,44312,20154,32445,5407,10821
"대구광역시","여자","20세 미만",1538,-,33,302,568,635,-,-
"대구광역시","여자","20~24",12482,-,45,1384,3729,7086,238,-
"대구광역시","여자","25~29",14248,-,67,1723,4127,7364,967,-
"대구광역시","여자","30~34",8501,-,133,1193,2253,4179,743,-
"대구광역시","여자","35~39",7243,-,79,1980,1929,2624,631,-
"대구광역시","여자","40~44",6899,-,162,2410,1718,1920,689,-
"대구광역시","여자","45~49",8666,35,260,4108,1583,2016,664,-
"대구광역시","여자","50~54",10369,93,1023,5465,1327,1948,513,-
"대구광역시","여자","55~59",14044,448,2894,7453,1127,1746,376,-
"대구광역시","여자","60~64",17157,1630,4630,8569,864,1140,324,-
"대구광역시","여자","65~69",16237,5611,4350,4991,465,675,145,-
"대구광역시","여자","70~74",14258,7004,2882,2210,240,494,72,1356
"대구광역시","여자","75~79",13846,7100,2036,1185,109,292,26,3098
"대구광역시","여자","80~84",11241,5378,1031,854,66,267,13,3632
"대구광역시","여자","85세 이상",6862,3075,453,485,49,59,6,2735
"인천광역시","계","합계",324841,29759,31837,124036,43940,73137,11275,10857
"인천광역시","계","20세 미만",2469,-,86,971,496,916,-,-
"인천광역시","계","20~24",17300,-,276,5024,4659,7145,196,-
"인천광역시","계","25~29",34217,-,381,7693,8807,15689,1647,-
"인천광역시","계","30~34",28844,-,235,6414,6957,13275,1963,-
"인천광역시","계","35~39",25483,-,457,8484,6295,8767,1480,-
"인천광역시","계","40~44",23655,-,675,10195,4712,6697,1376,-
"인천광역시","계","45~49",26709,102,1219,14396,3990,5723,1279,-
"인천광역시","계","50~54",27592,163,2310,16242,2887,4922,1068,-
"인천광역시","계","55~59",30473,843,4391,17976,2245,4165,853,-
"인천광역시","계","60~64",31801,1815,7328,17881,1573,2540,664,-
"인천광역시","계","65~69",22911,4921,5628,9784,770,1432,376,-
"인천광역시","계","70~74",18468,6711,3970,4700,284,899,175,1729
"인천광역시","계","75~79",15499,6725,2585,2377,139,583,118,2972
"인천광역시","계","80~84",11459,5010,1446,1262,62,241,55,3383
"인천광역시","계","85세 이상",7961,3469,850,637,64,143,25,2773
"인천광역시","남자","합계",168675,6290,13908,69910,26162,45155,6250,1000
"인천광역시","남자","20세 미만",1130,-,32,547,215,336,-,-
"인천광역시","남자","20~24",7565,-,131,2565,1689,3108,72,-
"인천광역시","남자","25~29",19485,-,245,4788,5085,8397,970,-
"인천광역시","남자","30~34",18969,-,140,4340,4421,8960,1108,-
"인천광역시","남자","35~39",17076,-,324,5632,4150,6114,856,-
"인천광역시","남자","40~44",15500,-,489,6570,3103,4690,648,-
"인천광역시","남자","45~49",17368,71,858,9308,2617,3860,654,-
"인천광역시","남자","50~54",17090,85,1323,10011,1870,3157,644,-
"인천광역시","남자","55~59",16753,405,2090,9650,1399,2746,463,-
"인천광역시","남자","60~64",14901,638,3073,8174,956,1656,404,-
"인천광역시","남자","65~69",9335,1438,2054,4350,403,891,199,-
"인천광역시","남자","70~74",5969,1294,1374,2149,136,586,115,315
"인천광역시","남자","75~79",3823,1033,962,1025,74,397,77,255
"인천광역시","남자","80~84",2247,753,464,599,10,170,23,228
"인천광역시","남자","85세 이상",1464,573,349,202,34,87,17,202
"인천광역시","여자","합계",156166,23469,17929,54126,17778,27982,5025,9857
"인천광역시","여자","20세 미만",1339,-,54,424,281,580,-,-
"인천광역시","여자","20~24",9735,-,145,2459,2970,4037,124,-
"인천광역시","여자","25~29",14732,-,136,2905,3722,7292,677,-
"인천광역시","여자","30~34",9875,-,95,2074,2536,4315,855,-
"인천광역시","여자","35~39",8407,-,133,2852,2145,2653,624,-
"인천광역시","여자","40~44",8155,-,186,3625,1609,2007,728,-
"인천광역시","여자","45~49",9341,31,361,5088,1373,1863,625,-
"인천광역시","여자","50~54",10502,78,987,6231,1017,1765,424,-
"인천광역시","여자","55~59",13720,438,2301,8326,846,1419,390,-
"인천광역시","여자","60~64",16900,1177,4255,9707,617,884,260,-
"인천광역시","여자","65~69",13576,3483,3574,5434,367,541,177,-
"인천광역시","여자","70~74",12499,5417,2596,2551,148,313,60,1414
"인천광역시","여자","75~79",11676,5692,1623,1352,65,186,41,2717
"인천광역시","여자","80~84",9212,4257,982,663,52,71,32,3155
"인천광역시","여자","85세 이상",6497,2896,501,435,30,56,8,2571
"광주광역시","계","합계",193948,16915,15492,58336,25543,61704,9350,6608
"광주광역시","계","20세 미만",2761,-,85,1011,340,1325,-,-
"광주광역시","계","20~24",17982,-,82,3073,2879,11598,350,-
"광주광역시","계","25~29",23291,-,139,4416,4035,13332,1369,-
"광주광역시","계","30~34",17700,-,120,3231,3599,9124,1626,-
"광주광역시","계","35~39",15817,-,220,4117,3722,6610,1148,-
"광주광역시","계","40~44",13684,-,304,4571,3333,4548,928,-
"광주광역시","계","45~49",14641,11,560,6320,2698,4025,1027,-
"광주광역시","계","50~54",14868,69,988,7057,1892,3822,1040,-
"광주광역시","계","55~59",15300,390,2178,7702,1327,2969,734,-
"광주광역시","계","60~64",15680,903,3526,7870,841,1900,640,-
"광주광역시","계","65~69",11841,2912,2592,4700,477,954,206,-
"광주광역시","계","70~74",10222,3908,2272,2085,212,633,188,924
"광주광역시","계","75~79",9110,3961,1448,1285,110,377,55,1874
"광주광역시","계","80~84",6657,2890,638,615,64,313,30,2107
"광주광역시","계","85세 이상",4394,1871,340,283,14,174,9,1703
"광주광역시","남자","합계",96817,3275,5773,31386,14649,35992,5212,530
"광주광역시","남자","20세 미만",1231,-,45,484,178,524,-,-
"광주광역시","남자","20~24",7548,-,43,1461,1218,4706,120,-
"광주광역시","남자","25~29",12753,-,75,2692,2257,7057,672,-
"광주광역시","남자","30~34",11320,-,76,2207,2173,5882,982,-
"광주광역시","남자","35~39",10407,-,141,2741,2309,4546,670,-
"광주광역시","남자","40~44",9019,-,119,3041,2170,3240,449,-
"광주광역시","남자","45~49",9456,11,372,3958,1738,2756,621,-
"광주광역시","남자","50~54",8933,14,466,4136,1157,2618,542,-
"광주광역시","남자","55~59",7752,191,865,3700,632,1934,430,-
"광주광역시","남자","60~64",7020,343,1387,3321,422,1196,351,-
"광주광역시","남자","65~69",4435,827,800,1908,203,553,144,-
"광주광역시","남자","70~74",2928,727,664,848,78,333,144,134
"광주광역시","남자","75~79",1989,550,424,487,51,265,51,161
"광주광역시","남자","80~84",1247,363,181,251,49,240,27,136
"광주광역시","남자","85세 이상",779,249,115,151,14,142,9,99
"광주광역시","여자","합계",97131,13640,9719,26950,10894,25712,4138,6078
"광주광역시","여자","20세 미만",1530,-,40,527,162,801,-,-
"광주광역시","여자","20~24",10434,-,39,1612,1661,6892,230,-
"광주광역시","여자","25~29",10538,-,64,1724,1778,6275,697,-
"광주광역시","여자","30~34",6380,-,44,1024,1426,3242,644,-
"광주광역시","여자","35~39",5410,-,79,1376,1413,2064,478,-
"광주광역시","여자","40~44",4665,-,185,1530,1163,1308,479,-
"광주광역시","여자","45~49",5185,-,188,2362,960,1269,406,-
"광주광역시","여자","50~54",5935,55,522,2921,735,1204,498,-
"광주광역시","여자","55~59",7548,199,1313,4002,695,1035,304,-
"광주광역시","여자","60~64",8660,560,2139,4549,419,704,289,-
"광주광역시","여자","65~69",7406,2085,1792,2792,274,401,62,-
"광주광역시","여자","70~74",7294,3181,1608,1237,134,300,44,790
"광주광역시","여자","75~79",7121,3411,1024,798,59,112,4,1713
"광주광역시","여자","80~84",5410,2527,457,364,15,73,3,1971
"광주광역시","여자","85세 이상",3615,1622,225,132,-,32,-,1604
"대전광역시","계","합계",228842,17439,15816,60236,29036,80954,19200,6161
"대전광역시","계","20세 미만",7850,-,87,1894,1959,3910,-,-
"대전광역시","계","20~24",35082,-,153,4641,6267,22900,1121,-
"대전광역시","계","25~29",32800,-,94,4559,5673,18113,4361,-
"대전광역시","계","30~34",21864,-,98,3416,3478,10990,3882,-
"대전광역시","계","35~39",15705,-,201,3783,2903,6443,2375,-
"대전광역시","계","40~44",12747,-,245,3925,2678,4227,1672,-
"대전광역시","계","45~49",14219,92,533,6062,1879,4043,1610,-
"대전광역시","계","50~54",14613,131,1093,7084,1396,3645,1264,-
"대전광역시","계","55~59",15647,494,2294,7606,1146,2918,1189,-
"대전광역시","계","60~64",16701,1076,3837,8562,859,1611,756,-
"대전광역시","계","65~69",12595,3413,2935,4510,437,832,468,-
"대전광역시","계","70~74",9846,3814,1934,2096,149,584,231,1038
"대전광역시","계","75~79",8534,3786,1366,1036,110,367,154,1715
"대전광역시","계","80~84",6339,2796,548,683,57,233,55,1967
"대전광역시","계","85세 이상",4300,1837,398,379,45,138,62,1441
"대전광역시","남자","합계",116257,3805,6200,31338,14850,47398,12110,556
"대전광역시","남자","20세 미만",3804,-,65,1058,854,1827,-,-
"대전광역시","남자","20~24",16480,-,62,2445,2328,11088,557,-
"대전광역시","남자","25~29",19139,-,61,2776,2917,10576,2809,-
"대전광역시","남자","30~34",14274,-,65,2119,2045,7455,2590,-
"대전광역시","남자","35~39",10008,-,135,2208,1805,4296,1564,-
"대전광역시","남자","40~44",7989,-,169,2370,1595,2864,991,-
"대전광역시","남자","45~49",8728,92,390,3502,1075,2742,927,-
"대전광역시","남자","50~54",8413,85,601,3963,725,2282,757,-
"대전광역시","남자","55~59",7979,184,1055,3576,558,1872,734,-
"대전광역시","남자","60~64",7373,314,1422,3576,551,1049,461,-
"대전광역시","남자","65~69",4730,931,907,1889,233,454,316,-
"대전광역시","남자","70~74",3081,776,585,945,72,354,160,189
"대전광역시","남자","75~79",2008,621,383,461,55,246,137,105
"대전광역시","남자","80~84",1360,471,170,282,25,203,45,164
"대전광역시","남자","85세 이상",891,331,130,168,12,90,62,98
"대전광역시","여자","합계",112585,13634,9616,28898,14186,33556,7090,5605
"대전광역시","여자","20세 미만",4046,-,22,836,1105,2083,-,-
"대전광역시","여자","20~24",18602,-,91,2196,3939,11812,564,-
"대전광역시","여자","25~29",13661,-,33,1783,2756,7537,1552,-
"대전광역시","여자","30~34",7590,-,33,1297,1433,3535,1292,-
"대전광역시","여자","35~39",5697,-,66,1575,1098,2147,811,-
"대전광역시","여자","40~44",4758,-,76,1555,1083,1363,681,-
"대전광역시","여자","45~49",5491,-,143,2560,804,1301,683,-
"대전광역시","여자","50~54",6200,46,492,3121,671,1363,507,-
"대전광역시","여자","55~59",7668,310,1239,4030,588,1046,455,-
"대전광역시","여자","60~64",9328,762,2415,4986,308,562,295,-
"대전광역시","여자","65~69",7865,2482,2028,2621,204,378,152,-
"대전광역시","여자","70~74",6765,3038,1349,1151,77,230,71,849
"대전광역시","여자","75~79",6526,3165,983,575,55,121,17,1610
"대전광역시","여자","80~84",4979,2325,378,401,32,30,10,1803
"대전광역시","여자","85세 이상",3409,1506,268,211,33,48,-,1343
"울산광역시","계","합계",122848,11515,12451,45939,16315,27764,4558,4306
"울산광역시","계","20세 미만",540,-,33,318,73,116,-,-
"울산광역시","계","20~24",5539,-,69,1625,1126,2530,189,-
"울산광역시","계","25~29",12167,-,63,2663,3249,5416,776,-
"울산광역시","계","30~34",10970,-,89,2379,2674,5163,665,-
"울산광역시","계","35~39",9900,-,184,3040,2526,3547,603,-
"울산광역시","계","40~44",9416,-,245,3896,1989,2796,490,-
"울산광역시","계","45~49",10769,9,349,5854,1729,2263,565,-
"울산광역시","계","50~54",11342,108,877,6575,1118,2242,422,-
"울산광역시","계","55~59",12058,289,1920,6945,804,1755,345,-
"울산광역시","계","60~64",12760,996,3240,6592,595,1014,323,-
"울산광역시","계","65~69",9453,2614,2407,3621,242,462,107,-
"울산광역시","계","70~74",6818,2635,1540,1377,133,252,60,821
"울산광역시","계","75~79",5296,2445,804,672,21,144,11,1199
"울산광역시","계","80~84",3670,1549,458,264,19,54,2,1324
"울산광역시","계","85세 이상",2150,870,173,118,17,10,-,962
"울산광역시","남자","합계",68070,2369,4842,27540,11237,18823,2857,402
"울산광역시","남자","20세 미만",369,-,33,223,56,57,-,-
"울산광역시","남자","20~24",3010,-,43,990,667,1240,70,-
"울산광역시","남자","25~29",8019,-,44,2015,2209,3226,525,-
"울산광역시","남자","30~34",7992,-,53,1869,1939,3738,393,-
"울산광역시","남자","35~39",7273,-,127,2166,1903,2722,355,-
"울산광역시","남자","40~44",6643,-,161,2692,1450,2057,283,-
"울산광역시","남자","45~49",7119,9,272,3833,1123,1494,388,-
"울산광역시","남자","50~54",7044,95,443,3905,703,1621,277,-
"울산광역시","남자","55~59",6485,136,698,3651,516,1258,226,-
"울산광역시","남자","60~64",5937,315,1144,3145,394,719,220,-
"울산광역시","남자","65~69",3655,603,776,1718,150,337,71,-
"울산광역시","남자","70~74",2225,455,555,761,82,192,42,138
"울산광역시","남자","75~79",1250,374,249,377,16,111,5,118
"울산광역시","남자","80~84",699,238,186,132,12,45,2,84
"울산광역시","남자","85세 이상",350,144,58,63,17,6,-,62
"울산광역시","여자","합계",54778,9146,7609,18399,5078,8941,1701,3904
"울산광역시","여자","20세 미만",171,-,-,95,17,59,-,-
"울산광역시","여자","20~24",2529,-,26,635,459,1290,119,-
"울산광역시","여자","25~29",4148,-,19,648,1040,2190,251,-
"울산광역시","여자","30~34",2978,-,36,510,735,1425,272,-
"울산광역시","여자","35~39",2627,-,57,874,623,825,248,-
"울산광역시","여자","40~44",2773,-,84,1204,539,739,207,-
"울산광역시","여자","45~49",3650,-,77,2021,606,769,177,-
"울산광역시","여자","50~54",4298,13,434,2670,415,621,145,-
"울산광역시","여자","55~59",5573,153,1222,3294,288,497,119,-
"울산광역시","여자","60~64",6823,681,2096,3447,201,295,103,-
"울산광역시","여자","65~69",5798,2011,1631,1903,92,125,36,-
"울산광역시","여자","70~74",4593,2180,985,616,51,60,18,683
"울산광역시","여자","75~79",4046,2071,555,295,5,33,6,1081
"울산광역시","여자","80~84",2971,1311,272,132,7,9,-,1240
"울산광역시","여자","85세 이상",1800,726,115,55,-,4,-,900
"세종특별자치시","계","합계",43577,2303,1616,7644,6231,19275,5362,1146
"세종특별자치시","계","20세 미만",1330,-,8,158,722,442,-,-
"세종특별자치시","계","20~24",6881,-,13,486,2003,4290,89,-
"세종특별자치시","계","25~29",6623,-,23,463,769,4553,815,-
"세종특별자치시","계","30~34",5478,-,18,328,600,3445,1087,-
"세종특별자치시","계","35~39",3855,-,2,473,652,1957,771,-
"세종특별자치시","계","40~44",3072,-,4,499,476,1396,697,-
"세종특별자치시","계","45~49",3017,-,63,867,355,1107,625,-
"세종특별자치시","계","50~54",2825,6,97,960,225,880,657,-
"세종특별자치시","계","55~59",2535,48,231,1129,229,565,333,-
"세종특별자치시","계","60~64",2321,122,464,1188,87,267,193,-
"세종특별자치시","계","65~69",1686,465,271,654,76,180,40,-
"세종특별자치시","계","70~74",1274,529,203,251,15,135,35,106
"세종특별자치시","계","75~79",1117,464,143,107,11,34,20,338
"세종특별자치시","계","80~84",891,410,43,42,11,9,-,376
"세종특별자치시","계","85세 이상",672,259,33,39,-,15,-,326
"세종특별자치시","남자","합계",22724,483,723,4113,3329,11209,2752,115
"세종특별자치시","남자","20세 미만",669,-,-,57,385,227,-,-
"세종특별자치시","남자","20~24",3297,-,7,242,899,2127,22,-
"세종특별자치시","남자","25~29",3688,-,23,371,460,2494,340,-
"세종특별자치시","남자","30~34",3489,-,14,267,424,2247,537,-
"세종특별자치시","남자","35~39",2426,-,2,295,398,1263,468,-
"세종특별자치시","남자","40~44",1841,-,4,371,282,882,302,-
"세종특별자치시","남자","45~49",1745,-,45,466,195,676,363,-
"세종특별자치시","남자","50~54",1574,1,70,508,107,560,328,-
"세종특별자치시","남자","55~59",1317,18,105,540,82,357,215,-
"세종특별자치시","남자","60~64",1033,49,206,474,50,146,108,-
"세종특별자치시","남자","65~69",655,95,85,305,18,123,29,-
"세종특별자치시","남자","70~74",400,93,69,120,15,69,20,14
"세종특별자치시","남자","75~79",287,68,67,48,11,21,20,52
"세종특별자치시","남자","80~84",169,93,12,25,3,2,-,34
"세종특별자치시","남자","85세 이상",134,66,14,24,-,15,-,15
"세종특별자치시","여자","합계",20853,1820,893,3531,2902,8066,2610,1031
"세종특별자치시","여자","20세 미만",661,-,8,101,337,215,-,-
"세종특별자치시","여자","20~24",3584,-,6,244,1104,2163,67,-
"세종특별자치시","여자","25~29",2935,-,-,92,309,2059,475,-
"세종특별자치시","여자","30~34",1989,-,4,61,176,1198,550,-
"세종특별자치시","여자","35~39",1429,-,-,178,254,694,303,-
"세종특별자치시","여자","40~44",1231,-,-,128,194,514,395,-
"세종특별자치시","여자","45~49",1272,-,18,401,160,431,262,-
"세종특별자치시","여자","50~54",1251,5,27,452,118,320,329,-
"세종특별자치시","여자","55~59",1218,30,126,589,147,208,118,-
"세종특별자치시","여자","60~64",1288,73,258,714,37,121,85,-
"세종특별자치시","여자","65~69",1031,370,186,349,58,57,11,-
"세종특별자치시","여자","70~74",874,436,134,131,-,66,15,92
"세종특별자치시","여자","75~79",830,396,76,59,-,13,-,286
"세종특별자치시","여자","80~84",722,317,31,17,8,7,-,342
"세종특별자치시","여자","85세 이상",538,193,19,15,-,-,-,311
"경기도","계","합계",1406010,110380,113657,483013,186870,399255,76967,35868
"경기도","계","20세 미만",8710,-,226,3415,2089,2980,-,-
"경기도","계","20~24",71325,-,412,17087,16930,35762,1134,-
"경기도","계","25~29",165901,-,788,31549,35297,85960,12307,-
"경기도","계","30~34",147266,-,944,26931,29883,74918,14590,-
"경기도","계","35~39",124823,-,1741,35700,27646,49093,10643,-
"경기도","계","40~44",109713,-,2172,40794,22349,36076,8322,-
"경기도","계","45~49",119770,294,4092,58079,17965,30269,9071,-
"경기도","계","50~54",118136,938,8490,64755,12075,25457,6421,-
"경기도","계","55~59",121372,2949,16799,65791,9175,21362,5296,-
"경기도","계","60~64",122173,7111,25229,64565,6477,14395,4396,-
"경기도","계","65~69",89745,19455,20089,36135,3155,8648,2263,-
"경기도","계","70~74",71100,23441,14574,18453,1794,6042,1133,5663
"경기도","계","75~79",60832,24389,9663,10629,1019,4291,687,10154
"경기도","계","80~84",45389,19212,5769,5755,633,2536,439,11045
"경기도","계","85세 이상",29755,12591,2669,3375,383,1466,265,9006
"경기도","남자","합계",758076,24908,48839,275004,112378,249256,44094,3597
"경기도","남자","20세 미만",3776,-,105,1642,630,1399,-,-
"경기도","남자","20~24",32145,-,212,9248,6905,15422,358,-
"경기도","남자","25~29",99420,-,468,20764,20591,50697,6900,-
"경기도","남자","30~34",100520,-,518,18572,19848,52231,9351,-
"경기도","남자","35~39",84639,-,1153,24195,18662,34470,6159,-
"경기도","남자","40~44",72288,-,1587,26993,14815,24558,4335,-
"경기도","남자","45~49",77270,214,2980,37655,11372,19969,5080,-
"경기도","남자","50~54",72926,617,5289,39859,7494,16223,3444,-
"경기도","남자","55~59",67432,1538,8362,35394,5655,13535,2948,-
"경기도","남자","60~64",57891,2960,10404,29670,3523,8698,2636,-
"경기도","남자","65~69",35917,5712,7490,15348,1425,4690,1252,-
"경기도","남자","70~74",23000,5047,4846,7771,752,2875,655,1054
"경기도","남자","75~79",15256,3992,2788,4374,348,2225,449,1080
"경기도","남자","80~84",9656,2759,1721,2387,236,1385,328,840
"경기도","남자","85세 이상",5940,2069,916,1132,122,879,199,623
"경기도","여자","합계",647934,85472,64818,208009,74492,149999,32873,32271
"경기도","여자","20세 미만",4934,-,121,1773,1459,1581,-,-
"경기도","여자","20~24",39180,-,200,7839,10025,20340,776,-
"경기도","여자","25~29",66481,-,320,10785,14706,35263,5407,-
"경기도","여자","30~34",46746,-,426,8359,10035,22687,5239,-
"경기도","여자","35~39",40184,-,588,11505,8984,14623,4484,-
"경기도","여자","40~44",37425,-,585,13801,7534,11518,3987,-
"경기도","여자","45~49",42500,80,1112,20424,6593,10300,3991,-
"경기도","여자","50~54",45210,321,3201,24896,4581,9234,2977,-
"경기도","여자","55~59",53940,1411,8437,30397,3520,7827,2348,-
"경기도","여자","60~64",64282,4151,14825,34895,2954,5697,1760,-
"경기도","여자","65~69",53828,13743,12599,20787,1730,3958,1011,-
"경기도","여자","70~74",48100,18394,9728,10682,1042,3167,478,4609
"경기도","여자","75~79",45576,20397,6875,6255,671,2066,238,9074
"경기도","여자","80~84",35733,16453,4048,3368,397,1151,111,10205
"경기도","여자","85세 이상",23815,10522,1753,2243,261,587,66,8383
"강원도","계","합계",231371,30151,21497,67164,21456,64937,11206,14960
"강원도","계","20세 미만",3110,-,78,892,342,1798,-,-
"강원도","계","20~24",23355,-,29,2950,3168,16940,268,-
"강원도","계","25~29",19192,-,40,2528,3318,11823,1483,-
"강원도","계","30~34",13660,-,102,2030,2252,7927,1349,-
"강원도","계","35~39",11306,-,215,2687,2363,4850,1191,-
"강원도","계","40~44",11296,-,263,3977,2116,3808,1132,-
"강원도","계","45~49",14512,59,652,6601,2142,3743,1315,-
"강원도","계","50~54",18255,183,1442,8893,1921,4517,1299,-
"강원도","계","55~59",22059,653,3460,10923,1717,4023,1283,-
"강원도","계","60~64",24382,1891,5246,12653,1128,2484,980,-
"강원도","계","65~69",18579,5395,3662,7189,570,1203,560,-
"강원도","계","70~74",14964,6280,2533,2884,231,817,195,2024
"강원도","계","75~79",15634,7309,2021,1573,106,501,79,4045
"강원도","계","80~84",12578,5332,1202,912,57,325,60,4690
"강원도","계","85세 이상",8489,3049,552,472,25,178,12,4201
"강원도","남자","합계",115678,6813,9359,36931,12720,41862,6745,1248
"강원도","남자","20세 미만",1893,-,47,396,213,1237,-,-
"강원도","남자","20~24",12706,-,6,1589,1387,9648,76,-
"강원도","남자","25~29",12152,-,13,1783,2130,7423,803,-
"강원도","남자","30~34",8952,-,59,1465,1336,5193,899,-
"강원도","남자","35~39",7364,-,106,1728,1569,3297,664,-
"강원도","남자","40~44",7266,-,138,2477,1389,2601,661,-
"강원도","남자","45~49",9097,45,487,3939,1325,2550,751,-
"강원도","남자","50~54",11010,91,811,5097,1184,3130,697,-
"강원도","남자","55~59",12130,309,1532,5650,1019,2825,795,-
"강원도","남자","60~64",12228,657,2307,6158,643,1811,652,-
"강원도","남자","65~69",8091,1515,1548,3354,295,890,489,-
"강원도","남자","70~74",5051,1279,949,1668,123,551,140,341
"강원도","남자","75~79",3761,1434,693,858,57,338,60,321
"강원도","남자","80~84",2482,902,443,511,33,233,47,313
"강원도","남자","85세 이상",1495,581,220,258,17,135,11,273
"강원도","여자","합계",115693,23338,12138,30233,8736,23075,4461,13712
"강원도","여자","20세 미만",1217,-,31,496,129,561,-,-
"강원도","여자","20~24",10649,-,23,1361,1781,7292,192,-
"강원도","여자","25~29",7040,-,27,745,1188,4400,680,-
"강원도","여자","30~34",4708,-,43,565,916,2734,450,-
"강원도","여자","35~39",3942,-,109,959,794,1553,527,-
"강원도","여자","40~44",4030,-,125,1500,727,1207,471,-
"강원도","여자","45~49",5415,14,165,2662,817,1193,564,-
"강원도","여자","50~54",7245,92,631,3796,737,1387,602,-
"강원도","여자","55~59",9929,344,1928,5273,698,1198,488,-
"강원도","여자","60~64",12154,1234,2939,6495,485,673,328,-
"강원도","여자","65~69",10488,3880,2114,3835,275,313,71,-
"강원도","여자","70~74",9913,5001,1584,1216,108,266,55,1683
"강원도","여자","75~79",11873,5875,1328,715,49,163,19,3724
"강원도","여자","80~84",10096,4430,759,401,24,92,13,4377
"강원도","여자","85세 이상",6994,2468,332,214,8,43,1,3928
"충청북도","계","합계",236208,28476,18957,72702,26700,64647,10417,14309
"충청북도","계","20세 미만",4090,-,74,1529,234,2253,-,-
"충청북도","계","20~24",22676,-,90,3845,3198,15213,330,-
"충청북도","계","25~29",26658,-,82,4523,6079,14069,1905,-
"충청북도","계","30~34",18521,-,117,3373,4111,9220,1700,-
"충청북도","계","35~39",14585,-,296,4778,3168,5176,1167,-
"충청북도","계","40~44",12949,-,420,5242,2566,3836,885,-
"충청북도","계","45~49",15312,73,721,7825,2209,3472,1012,-
"충청북도","계","50~54",17924,157,1363,9836,1917,3568,1083,-
"충청북도","계","55~59",20327,713,3207,10696,1475,3358,878,-
"충청북도","계","60~64",21150,1827,4770,11091,892,1890,680,-
"충청북도","계","65~69",16282,5253,3366,5529,499,1198,437,-
"충청북도","계","70~74",12642,5779,1938,2272,167,592,228,1666
"충청북도","계","75~79",13505,6447,1463,1106,91,369,69,3960
"충청북도","계","80~84",11514,5005,720,684,68,309,26,4702
"충청북도","계","85세 이상",8073,3222,330,373,26,124,17,3981
"충청북도","남자","합계",122465,6956,8401,40691,17412,41765,5956,1284
"충청북도","남자","20세 미만",2026,-,24,806,103,1093,-,-
"충청북도","남자","20~24",11581,-,50,2109,1535,7801,86,-
"충청북도","남자","25~29",17590,-,43,2997,4351,9223,976,-
"충청북도","남자","30~34",12866,-,74,2385,2973,6495,939,-
"충청북도","남자","35~39",9845,-,208,3005,2205,3806,621,-
"충청북도","남자","40~44",8591,-,303,3320,1747,2729,492,-
"충청북도","남자","45~49",9681,40,530,4647,1370,2464,630,-
"충청북도","남자","50~54",10754,81,715,5596,1227,2480,655,-
"충청북도","남자","55~59",11137,335,1379,5520,897,2462,544,-
"충청북도","남자","60~64",10236,680,1994,5242,542,1330,448,-
"충청북도","남자","65~69",6830,1518,1312,2554,263,864,319,-
"충청북도","남자","70~74",4149,1304,706,1261,101,370,162,245
"충청북도","남자","75~79",3244,1251,641,606,41,279,49,377
"충청북도","남자","80~84",2421,1048,274,411,37,261,21,369
"충청북도","남자","85세 이상",1514,699,148,232,20,108,14,293
"충청북도","여자","합계",113743,21520,10556,32011,9288,22882,4461,13025
"충청북도","여자","20세 미만",2064,-,50,723,131,1160,-,-
"충청북도","여자","20~24",11095,-,40,1736,1663,7412,244,-
"충청북도","여자","25~29",9068,-,39,1526,1728,4846,929,-
"충청북도","여자","30~34",5655,-,43,988,1138,2725,761,-
"충청북도","여자","35~39",4740,-,88,1773,963,1370,546,-
"충청북도","여자","40~44",4358,-,117,1922,819,1107,393,-
"충청북도","여자","45~49",5631,33,191,3178,839,1008,382,-
"충청북도","여자","50~54",7170,76,648,4240,690,1088,428,-
"충청북도","여자","55~59",9190,378,1828,5176,578,896,334,-
"충청북도","여자","60~64",10914,1147,2776,5849,350,560,232,-
"충청북도","여자","65~69",9452,3735,2054,2975,236,334,118,-
"충청북도","여자","70~74",8493,4475,1232,1011,66,222,66,1421
"충청북도","여자","75~79",10261,5196,822,500,50,90,20,3583
"충청북도","여자","80~84",9093,3957,446,273,31,48,5,4333
"충청북도","여자","85세 이상",6559,2523,182,141,6,16,3,3688
"충청남도","계","합계",304973,37592,23668,97611,34290,77101,11369,23342
"충청남도","계","20세 미만",4912,-,101,1445,732,2634,-,-
"충청남도","계","20~24",26810,-,152,4965,3773,17554,366,-
"충청남도","계","25~29",30885,-,175,7251,6618,15162,1679,-
"충청남도","계","30~34",25522,-,192,6138,6068,11488,1636,-
"충청남도","계","35~39",20646,-,317,7190,4870,7004,1265,-
"충청남도","계","40~44",18007,-,450,7762,3539,5231,1025,-
"충청남도","계","45~49",20237,95,833,11098,2566,4440,1205,-
"충청남도","계","50~54",22102,192,1735,12267,2270,4354,1284,-
"충청남도","계","55~59",25582,971,3801,13881,1684,4019,1226,-
"충청남도","계","60~64",25799,2325,5590,13454,1193,2345,892,-
"충청남도","계","65~69",20045,6447,4420,7046,578,1182,372,-
"충청남도","계","70~74",17619,8177,2794,2692,197,776,244,2739
"충청남도","계","75~79",17741,8042,1638,1241,127,496,117,6080
"충청남도","계","80~84",16295,6761,948,756,24,240,38,7528
"충청남도","계","85세 이상",12771,4582,522,425,51,176,20,6995
"충청남도","남자","합계",159737,9571,11165,57075,23558,49233,7158,1977
"충청남도","남자","20세 미만",2211,-,47,714,306,1144,-,-
"충청남도","남자","20~24",12101,-,66,2667,1841,7411,116,-
"충청남도","남자","25~29",19786,-,125,4534,4622,9572,933,-
"충청남도","남자","30~34",18321,-,110,4159,4568,8449,1035,-
"충청남도","남자","35~39",15170,-,199,4861,3814,5461,835,-
"충청남도","남자","40~44",12843,-,274,5116,2631,4154,668,-
"충청남도","남자","45~49",13567,67,539,7106,1803,3285,767,-
"충청남도","남자","50~54",13778,121,1025,7276,1513,3013,830,-
"충청남도","남자","55~59",14652,465,1780,7667,1043,2901,796,-
"충청남도","남자","60~64",13074,883,2547,6534,790,1727,593,-
"충청남도","남자","65~69",8591,1764,1931,3441,362,832,261,-
"충청남도","남자","70~74",5905,2004,1149,1521,138,560,177,356
"충청남도","남자","75~79",4169,1703,647,721,61,398,108,531
"충청남도","남자","80~84",3183,1460,463,487,15,190,27,541
"충청남도","남자","85세 이상",2386,1104,263,271,51,136,12,549
"충청남도","여자","합계",145236,28021,12503,40536,10732,27868,4211,21365
"충청남도","여자","20세 미만",2701,-,54,731,426,1490,-,-
"충청남도","여자","20~24",14709,-,86,2298,1932,10143,250,-
"충청남도","여자","25~29",11099,-,50,2717,1996,5590,746,-
"충청남도","여자","30~34",7201,-,82,1979,1500,3039,601,-
"충청남도","여자","35~39",5476,-,118,2329,1056,1543,430,-
"충청남도","여자","40~44",5164,-,176,2646,908,1077,357,-
"충청남도","여자","45~49",6670,28,294,3992,763,1155,438,-
"충청남도","여자","50~54",8324,71,710,4991,757,1341,454,-
"충청남도","여자","55~59",10930,506,2021,6214,641,1118,430,-
"충청남도","여자","60~64",12725,1442,3043,6920,403,618,299,-
"충청남도","여자","65~69",11454,4683,2489,3605,216,350,111,-
"충청남도","여자","70~74",11714,6173,1645,1171,59,216,67,2383
"충청남도","여자","75~79",13572,6339,991,520,66,98,9,5549
"충청남도","여자","80~84",13112,5301,485,269,9,50,11,6987
"충청남도","여자","85세 이상",10385,3478,259,154,-,40,8,6446
"전라북도","계","합계",255269,34770,23080,74033,22242,65446,10357,25341
"전라북도","계","20세 미만",3667,-,153,1273,332,1909,-,-
"전라북도","계","20~24",21885,-,38,3312,2965,15355,215,-
"전라북도","계","25~29",21128,-,115,3706,3368,12487,1452,-
"전라북도","계","30~34",15539,-,190,2996,2429,8347,1577,-
"전라북도","계","35~39",13402,-,253,3862,2801,5372,1114,-
"전라북도","계","40~44",13171,-,466,5017,2467,4285,936,-
"전라북도","계","45~49",16426,32,728,7987,2442,4167,1070,-
"전라북도","계","50~54",18814,243,1650,9620,1912,4243,1146,-
"전라북도","계","55~59",21310,712,3380,10968,1316,3833,1101,-
"전라북도","계","60~64",23174,1842,5202,11751,1116,2369,894,-
"전라북도","계","65~69",19255,5863,4140,7077,556,1228,391,-
"전라북도","계","70~74",19054,8196,2863,3174,326,812,245,3438
"전라북도","계","75~79",18834,7763,2072,1669,99,460,101,6670
"전라북도","계","80~84",16847,6224,1236,1028,71,315,73,7900
"전라북도","계","85세 이상",12763,3895,594,593,42,264,42,7333
"전라북도","남자","합계",121764,8015,10298,41761,13178,40576,6176,1760
"전라북도","남자","20세 미만",2075,-,126,772,99,1078,-,-
"전라북도","남자","20~24",11500,-,7,1854,1448,8165,26,-
"전라북도","남자","25~29",12367,-,64,2309,2089,7142,763,-
"전라북도","남자","30~34",10214,-,109,2073,1581,5595,856,-
"전라북도","남자","35~39",9055,-,151,2642,1789,3790,683,-
"전라북도","남자","40~44",8829,-,326,3321,1616,2991,575,-
"전라북도","남자","45~49",10753,24,487,5224,1595,2738,685,-
"전라북도","남자","50~54",11493,135,866,5858,1079,2879,676,-
"전라북도","남자","55~59",11798,373,1667,5787,713,2574,684,-
"전라북도","남자","60~64",11212,717,2262,5471,633,1560,569,-
"전라북도","남자","65~69",7851,1681,1750,3115,292,722,291,-
"전라북도","남자","70~74",5887,1882,1022,1633,141,567,187,455
"전라북도","남자","75~79",3779,1359,748,822,40,326,75,409
"전라북도","남자","80~84",2867,1062,489,535,41,241,64,435
"전라북도","남자","85세 이상",2084,782,224,345,22,208,42,461
"전라북도","여자","합계",133505,26755,12782,32272,9064,24870,4181,23581
"전라북도","여자","20세 미만",1592,-,27,501,233,831,-,-
"전라북도","여자","20~24",10385,-,31,1458,1517,7190,189,-
"전라북도","여자","25~29",8761,-,51,1397,1279,5345,689,-
"전라북도","여자","30~34",5325,-,81,923,848,2752,721,-
"전라북도","여자","35~39",4347,-,102,1220,1012,1582,431,-
"전라북도","여자","40~44",4342,-,140,1696,851,1294,361,-
"전라북도","여자","45~49",5673,8,241,2763,847,1429,385,-
"전라북도","여자","50~54",7321,108,784,3762,833,1364,470,-
"전라북도","여자","55~59",9512,339,1713,5181,603,1259,417,-
"전라북도","여자","60~64",11962,1125,2940,6280,483,809,325,-
"전라북도","여자","65~69",11404,4182,2390,3962,264,506,100,-
"전라북도","여자","70~74",13167,6314,1841,1541,185,245,58,2983
"전라북도","여자","75~79",15055,6404,1324,847,59,134,26,6261
"전라북도","여자","80~84",13980,5162,747,493,30,74,9,7465
"전라북도","여자","85세 이상",10679,3113,370,248,20,56,-,6872
"전라남도","계","합계",256633,44191,23573,72049,23675,47911,7880,37354
"전라남도","계","20세 미만",2386,-,224,1111,312,739,-,-
"전라남도","계","20~24",12595,-,124,2943,2553,6860,115,-
"전라남도","계","25~29",16345,-,107,2600,3380,9543,715,-
"전라남도","계","30~34",12926,-,135,2556,2563,6772,900,-
"전라남도","계","35~39",12505,-,228,3704,2978,4736,859,-
"전라남도","계","40~44",12310,-,298,4618,2900,3645,849,-
"전라남도","계","45~49",15922,53,707,7975,2633,3614,940,-
"전라남도","계","50~54",19413,247,1761,10412,2081,3848,1064,-
"전라남도","계","55~59",22648,830,3859,11477,1868,3433,1181,-
"전라남도","계","60~64",24469,2230,5655,12551,1212,2186,635,-
"전라남도","계","65~69",20765,7198,4377,6997,654,1170,369,-
"전라남도","계","70~74",21347,10402,2754,2493,339,720,174,4465
"전라남도","계","75~79",24219,10526,1758,1336,120,316,42,10121
"전라남도","계","80~84",22384,8218,1050,887,44,179,20,11986
"전라남도","계","85세 이상",16399,4487,536,389,38,150,17,10782
"전라남도","남자","합계",120032,10636,11879,43427,15620,31085,5065,2320
"전라남도","남자","20세 미만",1580,-,119,759,201,501,-,-
"전라남도","남자","20~24",6779,-,80,1768,1485,3422,24,-
"전라남도","남자","25~29",9862,-,54,1747,2214,5458,389,-
"전라남도","남자","30~34",8877,-,74,1789,1825,4618,571,-
"전라남도","남자","35~39",8898,-,129,2690,2170,3377,532,-
"전라남도","남자","40~44",8728,-,186,3214,2081,2692,555,-
"전라남도","남자","45~49",10752,32,493,5405,1778,2414,630,-
"전라남도","남자","50~54",12374,145,1071,6670,1262,2532,694,-
"전라남도","남자","55~59",13067,419,1945,6493,1053,2408,749,-
"전라남도","남자","60~64",12741,841,2717,6320,781,1655,427,-
"전라남도","남자","65~69",9007,2041,2015,3331,435,914,271,-
"전라남도","남자","70~74",6531,2365,1255,1498,214,569,147,483
"전라남도","남자","75~79",4747,2058,842,863,66,247,42,629
"전라남도","남자","80~84",3625,1671,569,627,31,154,20,553
"전라남도","남자","85세 이상",2464,1064,330,253,24,124,14,655
"전라남도","여자","합계",136601,33555,11694,28622,8055,16826,2815,35034
"전라남도","여자","20세 미만",806,-,105,352,111,238,-,-
"전라남도","여자","20~24",5816,-,44,1175,1068,3438,91,-
"전라남도","여자","25~29",6483,-,53,853,1166,4085,326,-
"전라남도","여자","30~34",4049,-,61,767,738,2154,329,-
"전라남도","여자","35~39",3607,-,99,1014,808,1359,327,-
"전라남도","여자","40~44",3582,-,112,1404,819,953,294,-
"전라남도","여자","45~49",5170,21,214,2570,855,1200,310,-
"전라남도","여자","50~54",7039,102,690,3742,819,1316,370,-
"전라남도","여자","55~59",9581,411,1914,4984,815,1025,432,-
"전라남도","여자","60~64",11728,1389,2938,6231,431,531,208,-
"전라남도","여자","65~69",11758,5157,2362,3666,219,256,98,-
"전라남도","여자","70~74",14816,8037,1499,995,125,151,27,3982
"전라남도","여자","75~79",19472,8468,916,473,54,69,-,9492
"전라남도","여자","80~84",18759,6547,481,260,13,25,-,11433
"전라남도","여자","85세 이상",13935,3423,206,136,14,26,3,10127
"경상북도","계","합계",388791,60329,37962,115042,43804,84182,12429,35043
"경상북도","계","20세 미만",5815,-,124,1768,770,3153,-,-
"경상북도","계","20~24",29628,-,197,5037,4723,19281,390,-
"경상북도","계","25~29",30302,-,151,6099,7062,15072,1918,-
"경상북도","계","30~34",24489,-,235,5564,6038,11005,1647,-
"경상북도","계","35~39",21512,-,358,6538,5706,7632,1278,-
"경상북도","계","40~44",20200,-,471,7607,5431,5580,1111,-
"경상북도","계","45~49",24467,86,956,12762,4274,4981,1408,-
"경상북도","계","50~54",28856,268,2458,15475,3411,5782,1462,-
"경상북도","계","55~59",34012,1008,6119,17628,2915,5051,1291,-
"경상북도","계","60~64",37436,3242,9556,18527,1921,3085,1105,-
"경상북도","계","65~69",31547,10712,7356,10503,849,1679,448,-
"경상북도","계","70~74",26971,13231,4787,3726,414,818,233,3762
"경상북도","계","75~79",28348,14188,2808,1862,133,540,92,8725
"경상북도","계","80~84",26306,11031,1721,1387,95,354,33,11685
"경상북도","계","85세 이상",18902,6563,665,559,62,169,13,10871
"경상북도","남자","합계",188127,12702,16716,65792,28305,54540,7700,2372
"경상북도","남자","20세 미만",3118,-,70,1127,344,1577,-,-
"경상북도","남자","20~24",15591,-,119,3216,2527,9567,162,-
"경상북도","남자","25~29",19373,-,97,4071,4505,9642,1058,-
"경상북도","남자","30~34",17237,-,124,3760,4279,8042,1032,-
"경상북도","남자","35~39",15055,-,206,4274,4015,5766,794,-
"경상북도","남자","40~44",13657,-,306,4982,3717,3972,680,-
"경상북도","남자","45~49",15713,54,666,7860,2783,3450,900,-
"경상북도","남자","50~54",17363,156,1312,8841,2125,4002,927,-
"경상북도","남자","55~59",18683,414,2631,9421,1769,3625,823,-
"경상북도","남자","60~64",18070,1089,3985,8665,1369,2221,741,-
"경상북도","남자","65~69",12580,2709,2880,4937,545,1189,320,-
"경상북도","남자","70~74",8327,2604,1974,2240,198,628,150,533
"경상북도","남자","75~79",5820,2297,1206,1107,58,426,78,648
"경상북도","남자","80~84",4563,1951,794,917,28,285,22,566
"경상북도","남자","85세 이상",2977,1428,346,374,43,148,13,625
"경상북도","여자","합계",200664,47627,21246,49250,15499,29642,4729,32671
"경상북도","여자","20세 미만",2697,-,54,641,426,1576,-,-
"경상북도","여자","20~24",14037,-,78,1821,2196,9714,228,-
"경상북도","여자","25~29",10929,-,54,2028,2557,5430,860,-
"경상북도","여자","30~34",7252,-,111,1804,1759,2963,615,-
"경상북도","여자","35~39",6457,-,152,2264,1691,1866,484,-
"경상북도","여자","40~44",6543,-,165,2625,1714,1608,431,-
"경상북도","여자","45~49",8754,32,290,4902,1491,1531,508,-
"경상북도","여자","50~54",11493,112,1146,6634,1286,1780,535,-
"경상북도","여자","55~59",15329,594,3488,8207,1146,1426,468,-
"경상북도","여자","60~64",19366,2153,5571,9862,552,864,364,-
"경상북도","여자","65~69",18967,8003,4476,5566,304,490,128,-
"경상북도","여자","70~74",18644,10627,2813,1486,216,190,83,3229
"경상북도","여자","75~79",22528,11891,1602,755,75,114,14,8077
"경상북도","여자","80~84",21743,9080,927,470,67,69,11,11119
"경상북도","여자","85세 이상",15925,5135,319,185,19,21,-,10246
"경상남도","계","합계",417737,53540,43573,138078,44719,89427,15187,33213
"경상남도","계","20세 미만",2351,-,120,926,260,1045,-,-
"경상남도","계","20~24",18608,-,120,3844,3359,11013,272,-
"경상남도","계","25~29",31153,-,162,5943,6647,16579,1822,-
"경상남도","계","30~34",28225,-,309,5558,5816,14313,2229,-
"경상남도","계","35~39",27074,-,466,7779,6670,10247,1912,-
"경상남도","계","40~44",26380,-,734,10283,5971,7994,1398,-
"경상남도","계","45~49",31778,136,1215,16419,5071,7287,1650,-
"경상남도","계","50~54",35644,322,2555,20088,3954,6782,1943,-
"경상남도","계","55~59",39754,1180,6650,21527,2975,5797,1625,-
"경상남도","계","60~64",44047,2982,11216,22521,2183,3895,1250,-
"경상남도","계","65~69",35392,9901,8558,13164,1030,2118,621,-
"경상남도","계","70~74",28948,12490,5580,5234,408,1190,279,3767
"경상남도","계","75~79",27888,11903,3370,2636,190,587,105,9097
"경상남도","계","80~84",23865,9357,1759,1470,126,374,61,10718
"경상남도","계","85세 이상",16630,5269,759,686,59,206,20,9631
"경상남도","남자","합계",206071,11095,18056,78438,28561,58269,9453,2199
"경상남도","남자","20세 미만",1237,-,67,538,92,540,-,-
"경상남도","남자","20~24",9568,-,73,2370,1667,5316,142,-
"경상남도","남자","25~29",19112,-,84,4274,4036,9757,961,-
"경상남도","남자","30~34",19681,-,154,3909,4082,10062,1474,-
"경상남도","남자","35~39",19072,-,291,5508,4841,7300,1132,-
"경상남도","남자","40~44",18347,-,515,6900,4292,5777,863,-
"경상남도","남자","45~49",20687,81,859,10463,3251,5027,1006,-
"경상남도","남자","50~54",21402,182,1391,11692,2205,4806,1126,-
"경상남도","남자","55~59",21295,499,2860,11194,1738,3907,1097,-
"경상남도","남자","60~64",20466,1030,4308,10387,1330,2590,821,-
"경상남도","남자","65~69",14188,2700,3179,5897,553,1404,455,-
"경상남도","남자","70~74",8955,2396,2024,2776,242,861,217,439
"경상남도","남자","75~79",5680,1836,1285,1338,124,434,81,582
"경상남도","남자","80~84",3847,1360,653,826,66,304,58,580
"경상남도","남자","85세 이상",2534,1011,313,366,42,184,20,598
"경상남도","여자","합계",211666,42445,25517,59640,16158,31158,5734,31014
"경상남도","여자","20세 미만",1114,-,53,388,168,505,-,-
"경상남도","여자","20~24",9040,-,47,1474,1692,5697,130,-
"경상남도","여자","25~29",12041,-,78,1669,2611,6822,861,-
"경상남도","여자","30~34",8544,-,155,1649,1734,4251,755,-
"경상남도","여자","35~39",8002,-,175,2271,1829,2947,780,-
"경상남도","여자","40~44",8033,-,219,3383,1679,2217,535,-
"경상남도","여자","45~49",11091,55,356,5956,1820,2260,644,-
"경상남도","여자","50~54",14242,140,1164,8396,1749,1976,817,-
"경상남도","여자","55~59",18459,681,3790,10333,1237,1890,528,-
"경상남도","여자","60~64",23581,1952,6908,12134,853,1305,429,-
"경상남도","여자","65~69",21204,7201,5379,7267,477,714,166,-
"경상남도","여자","70~74",19993,10094,3556,2458,166,329,62,3328
"경상남도","여자","75~79",22208,10067,2085,1298,66,153,24,8515
"경상남도","여자","80~84",20018,7997,1106,644,60,70,3,10138
"경상남도","여자","85세 이상",14096,4258,446,320,17,22,-,9033
"제주특별자치도","계","합계",81855,6249,5950,26600,12601,22213,3900,4342
"제주특별자치도","계","20세 미만",621,-,11,337,164,109,-,-
"제주특별자치도","계","20~24",3928,-,45,876,1176,1805,26,-
"제주특별자치도","계","25~29",7487,-,67,1385,1842,3961,232,-
"제주특별자치도","계","30~34",6094,-,67,992,1565,3031,439,-
"제주특별자치도","계","35~39",6418,-,37,1762,1530,2632,457,-
"제주특별자치도","계","40~44",6452,-,123,1994,1712,2086,537,-
"제주특별자치도","계","45~49",8010,7,247,3331,1566,2265,594,-
"제주특별자치도","계","50~54",8682,34,370,4194,1243,2324,517,-
"제주특별자치도","계","55~59",8257,127,754,4283,787,1825,481,-
"제주특별자치도","계","60~64",7723,374,1555,3880,488,1124,302,-
"제주특별자치도","계","65~69",5350,1097,1173,2039,292,514,235,-
"제주특별자치도","계","70~74",4134,1461,713,922,93,265,48,632
"제주특별자치도","계","75~79",3368,1531,409,308,100,131,11,878
"제주특별자치도","계","80~84",2798,931,293,188,27,90,10,1259
"제주특별자치도","계","85세 이상",2533,687,86,109,16,51,11,1573
"제주특별자치도","남자","합계",41643,1301,2767,14750,7083,13266,2120,356
"제주특별자치도","남자","20세 미만",308,-,-,188,41,79,-,-
"제주특별자치도","남자","20~24",1645,-,9,465,481,676,14,-
"제주특별자치도","남자","25~29",4049,-,19,865,1016,2080,69,-
"제주특별자치도","남자","30~34",3729,-,43,603,878,1961,244,-
"제주특별자치도","남자","35~39",3896,-,14,1142,925,1592,223,-
"제주특별자치도","남자","40~44",3958,-,98,1214,1076,1332,238,-
"제주특별자치도","남자","45~49",4857,7,179,2061,974,1273,363,-
"제주특별자치도","남자","50~54",5095,27,267,2276,696,1536,293,-
"제주특별자치도","남자","55~59",4592,62,374,2213,468,1220,255,-
"제주특별자치도","남자","60~64",3884,119,702,1834,248,785,196,-
"제주특별자치도","남자","65~69",2376,242,424,1034,163,340,173,-
"제주특별자치도","남자","70~74",1440,288,226,519,29,186,28,164
"제주특별자치도","남자","75~79",886,258,220,173,76,88,8,63
"제주특별자치도","남자","80~84",559,154,152,105,8,67,5,68
"제주특별자치도","남자","85세 이상",369,144,40,58,4,51,11,61
"제주특별자치도","여자","합계",40212,4948,3183,11850,5518,8947,1780,3986
"제주특별자치도","여자","20세 미만",313,-,11,149,123,30,-,-
"제주특별자치도","여자","20~24",2283,-,36,411,695,1129,12,-
"제주특별자치도","여자","25~29",3438,-,48,520,826,1881,163,-
"제주특별자치도","여자","30~34",2365,-,24,389,687,1070,195,-
"제주특별자치도","여자","35~39",2522,-,23,620,605,1040,234,-
"제주특별자치도","여자","40~44",2494,-,25,780,636,754,299,-
"제주특별자치도","여자","45~49",3153,-,68,1270,592,992,231,-
"제주특별자치도","여자","50~54",3587,7,103,1918,547,788,224,-
"제주특별자치도","여자","55~59",3665,65,380,2070,319,605,226,-
"제주특별자치도","여자","60~64",3839,255,853,2046,240,339,106,-
"제주특별자치도","여자","65~69",2974,855,749,1005,129,174,62,-
"제주특별자치도","여자","70~74",2694,1173,487,403,64,79,20,468
"제주특별자치도","여자","75~79",2482,1273,189,135,24,43,3,815
"제주특별자치도","여자","80~84",2239,777,141,83,19,23,5,1191
"제주특별자치도","여자","85세 이상",2164,543,46,51,12,-,-,1512
